frameIndex,localTime,globalTime
0,59963.973207524,119927.97273506568
1,59964.006526364,119928.00605390567
2,59964.039851471,119928.03937901268
3,59964.073189529,119928.07271707068
4,59964.106518288,119928.10604582969
5,59964.139851637,119928.13937917868
6,59964.173181855,119928.17270939669
7,59964.206514203,119928.20604174468
8,59964.239849878,119928.23937741968
9,59964.27318127,119928.27270881168
10,59964.306519029,119928.30604657068
11,59964.339842504,119928.33937004568
12,59964.373174916,119928.37270245768
13,59964.406504797,119928.40603233868
14,59964.439844902,119928.43937244368
15,59964.473164908,119928.47269244968
16,59964.506491497,119928.50601903867
17,59964.539828893,119928.53935643469
18,59964.573160441,119928.57268798268
19,59964.606487004,119928.60601454569
20,59964.63982305,119928.63935059168
21,59964.673155738,119928.67268327967
22,59964.706492063,119928.70601960468
23,59964.739816827,119928.73934436869
24,59964.773156005,119928.77268354667
25,59964.806489101,119928.80601664269
26,59964.839811696,119928.83933923769
27,59964.873143877,119928.87267141868
28,59964.906481013,119928.90600855468
29,59964.939803902,119928.93933144369
30,59964.973139622,119928.97266716367
31,59965.006466262,119929.00599380367
32,59965.039807668,119929.03933520967
33,59965.073137175,119929.07266471669
34,59965.106473236,119929.10600077768
35,59965.139804284,119929.13933182569
36,59965.173125459,119929.17265300069
37,59965.206453853,119929.20598139468
38,59965.239786901,119929.23931444268
39,59965.27310988,119929.27263742167
40,59965.306443262,119929.30597080369
41,59965.339778781,119929.33930632268
42,59965.373104365,119929.37263190668
43,59965.406432424,119929.40595996569
44,59965.439778058,119929.43930559968
45,59965.473098949,119929.47262649068
46,59965.506437585,119929.50596512668
47,59965.539772344,119929.53929988568
48,59965.573099152,119929.57262669368
49,59965.606424455,119929.60595199668
50,59965.639769344,119929.63929688568
51,59965.673095605,119929.67262314667
52,59965.706420519,119929.70594806068
53,59965.739755493,119929.73928303468
54,59965.773083543,119929.77261108469
55,59965.806416394,119929.80594393567
56,59965.839752742,119929.83928028369
57,59965.873072168,119929.87259970968
58,59965.906418391,119929.90594593268
59,59965.939739026,119929.93926656767
60,59965.973074501,119929.97260204269
61,59966.006399269,119930.00592681067
62,59966.039725741,119930.03925328268
63,59966.07305717,119930.07258471168
64,59966.106403974,119930.10593151569
65,59966.139725862,119930.13925340367
66,59966.173052125,119930.17257966669
67,59966.206392179,119930.20591972068
68,59966.239721983,119930.23924952469
69,59966.27305783,119930.27258537168
70,59966.306389384,119930.30591692569
71,59966.339716979,119930.33924452067
72,59966.373049784,119930.37257732567
73,59966.406377756,119930.40590529768
74,59966.439719477,119930.43924701869
75,59966.473034156,119930.47256169768
76,59966.506381711,119930.50590925268
77,59966.539714348,119930.53924188968
78,59966.573029735,119930.57255727668
79,59966.606376124,119930.60590366568
80,59966.639701844,119930.63922938568
81,59966.67302747,119930.67255501168
82,59966.706348862,119930.70587640368
83,59966.739681086,119930.73920862768
84,59966.773013219,119930.77254076068
85,59966.80635686,119930.80588440168
86,59966.83967966,119930.83920720167
87,59966.87302026,119930.87254780167
88,59966.906344893,119930.90587243468
89,59966.939674701,119930.93920224268
90,59966.973009167,119930.97253670868
91,59967.006334282,119931.00586182368
92,59967.039672342,119931.03919988367
93,59967.073005976,119931.07253351768
94,59967.106325402,119931.10585294367
95,59967.13965567,119931.13918321168
96,59967.172998011,119931.17252555268
97,59967.206333362,119931.20586090369
98,59967.239661162,119931.23918870368
99,59967.272990513,119931.27251805468
100,59967.306317479,119931.30584502069
101,59967.339654688,119931.33918222968
102,59967.372975246,119931.37250278768
103,59967.406316343,119931.40584388468
104,59967.439652478,119931.43918001969
105,59967.472978451,119931.47250599269
106,59967.506313546,119931.50584108768
107,59967.539637851,119931.53916539268
108,59967.572979486,119931.57250702768
109,59967.60630575,119931.60583329169
110,59967.639635846,119931.63916338768
111,59967.672956696,119931.67248423767
112,59967.706291541,119931.70581908268
113,59967.739627887,119931.73915542869
114,59967.772954066,119931.77248160768
115,59967.806281871,119931.80580941268
116,59967.839610968,119931.83913850968
117,59967.87296048,119931.87248802168
118,59967.906278993,119931.90580653469
119,59967.939618797,119931.93914633867
120,59967.972951185,119931.97247872668
121,59968.006285509,119932.00581305068
122,59968.039612808,119932.03914034969
123,59968.072938439,119932.07246598069
124,59968.106271544,119932.10579908568
125,59968.139602591,119932.13913013268
126,59968.172941652,119932.17246919368
127,59968.206258576,119932.20578611767
128,59968.239605764,119932.23913330567
129,59968.272936144,119932.27246368569
130,59968.306249832,119932.30577737368
131,59968.339592817,119932.33912035868
132,59968.372919365,119932.37244690668
133,59968.406244341,119932.40577188268
134,59968.439569857,119932.43909739869
135,59968.47291649,119932.47244403168
136,59968.506244215,119932.50577175668
137,59968.53957968,119932.53910722167
138,59968.572895198,119932.57242273967
139,59968.606226998,119932.60575453969
140,59968.639570889,119932.63909843068
141,59968.672893746,119932.67242128769
142,59968.706240174,119932.70576771567
143,59968.739556227,119932.73908376868
144,59968.772896784,119932.77242432568
145,59968.806217046,119932.80574458768
146,59968.839551516,119932.83907905768
147,59968.872877738,119932.87240527969
148,59968.906212542,119932.90574008369
149,59968.939541304,119932.93906884568
150,59968.972888734,119932.97241627568
151,59969.006204997,119933.00573253867
152,59969.039553801,119933.03908134268
153,59969.072879898,119933.07240743967
154,59969.106198368,119933.10572590967
155,59969.139528131,119933.13905567268
156,59969.172861184,119933.17238872568
157,59969.20620053,119933.20572807168
158,59969.239529293,119933.23905683469
159,59969.272852933,119933.27238047468
160,59969.306193028,119933.30572056968
161,59969.339517708,119933.33904524968
162,59969.37285247,119933.37238001169
163,59969.406175233,119933.40570277467
164,59969.439511663,119933.43903920468
165,59969.472851508,119933.47237904968
166,59969.506189937,119933.50571747868
167,59969.539504451,119933.53903199268
168,59969.572848546,119933.57237608769
169,59969.606166641,119933.60569418268
170,59969.639511824,119933.63903936569
171,59969.672833043,119933.67236058468
172,59969.706175641,119933.70570318267
173,59969.739497651,119933.73902519268
174,59969.772830706,119933.77235824769
175,59969.806161262,119933.80568880368
176,59969.839481149,119933.83900869067
177,59969.872820662,119933.87234820367
178,59969.90615959,119933.90568713169
179,59969.939484187,119933.93901172868
180,59969.972815406,119933.97234294767
181,59970.006142158,119934.00566969969
182,59970.03946934,119934.03899688169
183,59970.072812024,119934.07233956568
184,59970.106138406,119934.10566594769
185,59970.139462422,119934.13898996369
186,59970.17281239,119934.17233993168
187,59970.206125989,119934.20565353069
188,59970.239468581,119934.23899612267
189,59970.272798138,119934.27232567969
190,59970.30611819,119934.30564573169
191,59970.339455122,119934.33898266367
192,59970.372786173,119934.37231371467
193,59970.406116314,119934.40564385569
194,59970.439453121,119934.43898066267
195,59970.472784171,119934.47231171269
196,59970.506122771,119934.50565031268
197,59970.539439154,119934.53896669569
198,59970.572782671,119934.57231021268
199,59970.606113721,119934.60564126268
200,59970.639437868,119934.63896540969
201,59970.672765922,119934.67229346368
202,59970.706094393,119934.70562193467
203,59970.739426115,119934.73895365668
204,59970.772770334,119934.77229787568
205,59970.806100806,119934.80562834768
206,59970.839435819,119934.83896336067
207,59970.872747499,119934.87227504069
208,59970.906093052,119934.90562059368
209,59970.939412315,119934.93893985669
210,59970.972751697,119934.97227923869
211,59971.006075087,119935.00560262869
212,59971.039406597,119935.03893413869
213,59971.072740695,119935.07226823669
214,59971.10608096,119935.10560850168
215,59971.139413636,119935.13894117769
216,59971.17274436,119935.17227190168
217,59971.206063245,119935.20559078667
218,59971.239407967,119935.23893550868
219,59971.272726603,119935.27225414469
220,59971.306062337,119935.30558987867
221,59971.339393271,119935.33892081268
222,59971.372722072,119935.37224961369
223,59971.406053874,119935.40558141569
224,59971.439388057,119935.43891559867
225,59971.472717357,119935.47224489867
226,59971.506052166,119935.50557970768
227,59971.539384467,119935.53891200869
228,59971.5727199,119935.57224744168
229,59971.606049784,119935.60557732568
230,59971.63936584,119935.63889338168
231,59971.672704434,119935.67223197568
232,59971.706044825,119935.70557236669
233,59971.739362126,119935.73888966767
234,59971.772710302,119935.77223784369
235,59971.806037027,119935.80556456868
236,59971.839373038,119935.83890057968
237,59971.872687304,119935.87221484567
238,59971.906016022,119935.90554356368
239,59971.939350205,119935.93887774668
240,59971.972697673,119935.97222521467
241,59972.006022642,119936.00555018368
242,59972.039355823,119936.03888336467
243,59972.072680667,119936.07220820867
244,59972.106012599,119936.10554014068
245,59972.139342193,119936.13886973468
246,59972.172681334,119936.17220887568
247,59972.206001178,119936.20552871967
248,59972.239342609,119936.23887015067
249,59972.272676079,119936.27220362068
250,59972.306007303,119936.30553484468
251,59972.339326646,119936.33885418768
252,59972.372670573,119936.37219811468
253,59972.405994673,119936.40552221469
254,59972.439328309,119936.43885585069
255,59972.472663158,119936.47219069969
256,59972.505996125,119936.50552366668
257,59972.539321934,119936.53884947568
258,59972.572658194,119936.57218573568
259,59972.605976621,119936.60550416268
260,59972.639309805,119936.63883734669
261,59972.672650739,119936.67217828069
262,59972.705978414,119936.70550595567
263,59972.739298508,119936.73882604968
264,59972.772635107,119936.77216264867
265,59972.805966035,119936.80549357668
266,59972.839299758,119936.83882729968
267,59972.872629309,119936.87215685067
268,59972.905971286,119936.90549882769
269,59972.939293586,119936.93882112768
270,59972.972625975,119936.97215351669
271,59973.005946403,119937.00547394468
272,59973.039278036,119937.03880557767
273,59973.072619679,119937.07214722068
274,59973.105958814,119937.10548635568
275,59973.139288078,119937.13881561968
276,59973.172612589,119937.17214013069
277,59973.205936147,119937.20546368868
278,59973.239277782,119937.23880532368
279,59973.272603841,119937.27213138268
280,59973.305935809,119937.30546335068
281,59973.339264777,119937.33879231868
282,59973.372592461,119937.37212000268
283,59973.405933803,119937.40546134468
284,59973.439262737,119937.43879027868
285,59973.472590455,119937.47211799669
286,59973.505929722,119937.50545726367
287,59973.539263771,119937.53879131269
288,59973.572588206,119937.57211574768
289,59973.605919294,119937.60544683569
290,59973.639253018,119937.63878055968
291,59973.672570654,119937.67209819568
292,59973.705899541,119937.70542708268
293,59973.73924318,119937.73877072168
294,59973.772580525,119937.77210806668
295,59973.805899915,119937.80542745668
296,59973.839243925,119937.83877146669
297,59973.87255644,119937.87208398168
298,59973.905887284,119937.90541482568
299,59973.939239096,119937.93876663767
300,59973.972560439,119937.97208798068
301,59974.005900781,119938.00542832268
302,59974.039231964,119938.03875950568
303,59974.072554266,119938.07208180768
304,59974.105881115,119938.10540865667
305,59974.139217625,119938.13874516668
306,59974.172539892,119938.17206743368
307,59974.205870611,119938.20539815267
308,59974.239199293,119938.23872683468
309,59974.272531595,119938.27205913668
310,59974.305879988,119938.30540752968
311,59974.339208537,119938.33873607867
312,59974.372526256,119938.37205379768
313,59974.405871647,119938.40539918869
314,59974.439188615,119938.43871615667
315,59974.472521632,119938.47204917368
316,59974.505861099,119938.50538864068
317,59974.539194159,119938.53872170068
318,59974.57252525,119938.57205279169
319,59974.605846384,119938.60537392567
320,59974.639176819,119938.63870436068
321,59974.672514285,119938.67204182668
322,59974.705856679,119938.70538422068
323,59974.739174353,119938.73870189468
324,59974.772502205,119938.77202974667
325,59974.805839254,119938.80536679568
326,59974.839180315,119938.83870785669
327,59974.872506449,119938.87203399069
328,59974.905832466,119938.90536000769
329,59974.939165026,119938.93869256768
330,59974.972502383,119938.97202992468
331,59975.005822637,119939.00535017869
332,59975.039154849,119939.03868239067
333,59975.07249183,119939.07201937167
334,59975.10581596,119939.10534350168
335,59975.1391459,119939.13867344169
336,59975.172489571,119939.17201711268
337,59975.205806677,119939.20533421868
338,59975.239145849,119939.23867339068
339,59975.272480648,119939.27200818967
340,59975.305808241,119939.30533578267
341,59975.339136414,119939.33866395568
342,59975.372480558,119939.37200809969
343,59975.405794525,119939.40532206668
344,59975.439133752,119939.43866129368
345,59975.472463342,119939.47199088367
346,59975.50580132,119939.50532886168
347,59975.539124161,119939.53865170268
348,59975.572452142,119939.57197968368
349,59975.605780149,119939.60530769068
350,59975.639111546,119939.63863908767
351,59975.672448678,119939.67197621969
352,59975.70578135,119939.70530889169
353,59975.739113204,119939.73864074568
354,59975.772453961,119939.77198150268
355,59975.805771439,119939.80529898067
356,59975.839111612,119939.83863915368
357,59975.872446007,119939.87197354868
358,59975.905774639,119939.90530218068
359,59975.939099315,119939.93862685669
360,59975.972434365,119939.97196190667
361,59976.005765418,119940.00529295969
362,59976.039085225,119940.03861276669
363,59976.072427652,119940.07195519368
364,59976.105758002,119940.10528554369
365,59976.13909326,119940.13862080168
366,59976.172428737,119940.17195627867
367,59976.205755662,119940.20528320369
368,59976.239094245,119940.23862178667
369,59976.272415081,119940.27194262268
370,59976.305743625,119940.30527116668
371,59976.339083443,119940.33861098468
372,59976.372417444,119940.37194498567
373,59976.405733512,119940.40526105367
374,59976.439072055,119940.43859959667
375,59976.472405997,119940.47193353868
376,59976.505739624,119940.50526716569
377,59976.539073501,119940.53860104267
378,59976.572387892,119940.57191543368
379,59976.605716148,119940.60524368967
380,59976.639062877,119940.63859041868
381,59976.672392384,119940.67191992569
382,59976.705723821,119940.70525136268
383,59976.739052535,119940.73858007668
384,59976.772380805,119940.77190834668
385,59976.805709563,119940.80523710468
386,59976.839050248,119940.83857778969
387,59976.872373006,119940.87190054767
388,59976.905704305,119940.90523184667
389,59976.939039021,119940.93856656269
390,59976.972367825,119940.97189536667
391,59977.005706963,119941.00523450467
392,59977.039026308,119941.03855384968
393,59977.072367072,119941.07189461368
394,59977.105696876,119941.10522441768
395,59977.139016057,119941.13854359867
396,59977.172360525,119941.17188806669
397,59977.205687872,119941.20521541368
398,59977.239010934,119941.23853847568
399,59977.272357694,119941.27188523568
400,59977.305679503,119941.30520704467
401,59977.339015762,119941.33854330369
402,59977.372347779,119941.37187532068
403,59977.405663873,119941.40519141468
404,59977.439001222,119941.43852876368
405,59977.472344482,119941.47187202369
406,59977.505669374,119941.50519691568
407,59977.539000381,119941.53852792268
408,59977.572322863,119941.57185040468
409,59977.605667495,119941.60519503668
410,59977.638984556,119941.63851209768
411,59977.672321397,119941.67184893868
412,59977.705663154,119941.70519069568
413,59977.738986091,119941.73851363268
414,59977.772318638,119941.77184617968
415,59977.805639659,119941.80516720068
416,59977.838979707,119941.83850724867
417,59977.872310768,119941.87183830969
418,59977.905651901,119941.90517944268
419,59977.938974462,119941.93850200367
420,59977.972294136,119941.97182167768
421,59978.005635142,119942.00516268368
422,59978.03897487,119942.03850241168
423,59978.072295378,119942.07182291968
424,59978.105622148,119942.10514968968
425,59978.138960446,119942.13848798769
426,59978.1722853,119942.17181284168
427,59978.205624598,119942.20515213968
428,59978.238947324,119942.23847486568
429,59978.272288332,119942.27181587368
430,59978.305607631,119942.30513517268
431,59978.338952608,119942.33848014969
432,59978.372277241,119942.37180478268
433,59978.405607801,119942.40513534268
434,59978.438949767,119942.43847730868
435,59978.472262161,119942.47178970269
436,59978.505605544,119942.50513308568
437,59978.538927884,119942.53845542567
438,59978.572263947,119942.57179148868
439,59978.605588453,119942.60511599468
440,59978.638928639,119942.63845618068
441,59978.672253939,119942.67178148069
442,59978.705580792,119942.70510833367
443,59978.738918341,119942.73844588269
444,59978.77225736,119942.77178490168
445,59978.805591158,119942.80511869967
446,59978.83890997,119942.83843751167
447,59978.872247226,119942.87177476767
448,59978.905586146,119942.90511368768
449,59978.938915119,119942.93844266067
450,59978.972233463,119942.97176100468
451,59979.005580019,119943.00510756069
452,59979.038903989,119943.03843153067
453,59979.072231921,119943.07175946268
454,59979.105572891,119943.10510043267
455,59979.138903613,119943.13843115469
456,59979.172232998,119943.17176053967
457,59979.20554822,119943.20507576168
458,59979.238895706,119943.23842324768
459,59979.272211377,119943.27173891867
460,59979.305559274,119943.30508681567
461,59979.338888279,119943.33841582068
462,59979.372220844,119943.37174838569
463,59979.405548891,119943.40507643268
464,59979.438881538,119943.43840907968
465,59979.472212208,119943.47173974969
466,59979.50553494,119943.50506248168
467,59979.538865361,119943.53839290267
468,59979.57220485,119943.57173239169
469,59979.605532061,119943.60505960268
470,59979.638859481,119943.63838702269
471,59979.672204756,119943.67173229769
472,59979.705531423,119943.70505896468
473,59979.738866824,119943.73839436568
474,59979.772186119,119943.77171366068
475,59979.805517062,119943.80504460368
476,59979.838852563,119943.83838010469
477,59979.872183773,119943.87171131468
478,59979.905511369,119943.90503891069
479,59979.938841585,119943.93836912667
480,59979.972179062,119943.97170660368
481,59980.005499153,119944.00502669468
482,59980.038832838,119944.03836037968
483,59980.072175054,119944.07170259568
484,59980.10550999,119944.10503753167
485,59980.138841748,119944.13836928968
486,59980.172173348,119944.17170088968
487,59980.20549185,119944.20501939168
488,59980.238826237,119944.23835377868
489,59980.272159001,119944.27168654268
490,59980.305483471,119944.30501101268
491,59980.338821193,119944.33834873469
492,59980.372155455,119944.37168299669
493,59980.405485135,119944.40501267668
494,59980.438813438,119944.43834097969
495,59980.472151993,119944.47167953468
496,59980.505475839,119944.50500338068
497,59980.538800435,119944.53832797668
498,59980.572146751,119944.57167429267
499,59980.605463133,119944.60499067468
500,59980.63879111,119944.63831865168
501,59980.672136993,119944.67166453469
502,59980.705472511,119944.70500005268
503,59980.738783394,119944.73831093567
504,59980.772120663,119944.77164820468
505,59980.80545892,119944.80498646168
506,59980.838788897,119944.83831643869
507,59980.872115742,119944.87164328368
508,59980.905441915,119944.90496945668
509,59980.938779728,119944.93830726968
510,59980.972106359,119944.97163390068
511,59981.005433839,119945.00496138068
512,59981.03877897,119945.03830651168
513,59981.072106241,119945.07163378267
514,59981.105444371,119945.10497191269
515,59981.138768351,119945.13829589268
516,59981.172090773,119945.17161831468
517,59981.205428444,119945.20495598568
518,59981.238757881,119945.23828542267
519,59981.27208918,119945.27161672167
520,59981.305429701,119945.30495724268
521,59981.33875879,119945.33828633168
522,59981.372090311,119945.37161785268
523,59981.405410609,119945.40493815068
524,59981.438739796,119945.43826733768
525,59981.472087594,119945.47161513567
526,59981.505421907,119945.50494944869
527,59981.538741787,119945.53826932868
528,59981.572076267,119945.57160380868
529,59981.605415273,119945.60494281468
530,59981.638726321,119945.63825386268
531,59981.672075592,119945.67160313368
532,59981.705401932,119945.70492947368
533,59981.738732077,119945.73825961868
534,59981.772069125,119945.77159666669
535,59981.805392647,119945.80492018868
536,59981.838723568,119945.83825110967
537,59981.872052829,119945.87158037067
538,59981.905393854,119945.90492139568
539,59981.938718358,119945.93824589968
540,59981.972041676,119945.97156921768
541,59982.005373259,119946.00490080068
542,59982.038702912,119946.03823045368
543,59982.072041122,119946.07156866368
544,59982.10538498,119946.10491252168
545,59982.138715898,119946.13824343968
546,59982.172046381,119946.17157392268
547,59982.205358675,119946.20488621667
548,59982.238708344,119946.23823588568
549,59982.272032579,119946.27156012069
550,59982.305364955,119946.30489249667
551,59982.338689063,119946.33821660468
552,59982.372024525,119946.37155206667
553,59982.405356508,119946.40488404968
554,59982.438690011,119946.43821755267
555,59982.472013556,119946.47154109768
556,59982.505343622,119946.50487116368
557,59982.538673128,119946.53820066969
558,59982.57202082,119946.57154836168
559,59982.605352822,119946.60488036368
560,59982.638675724,119946.63820326568
561,59982.672012099,119946.67153964068
562,59982.705330293,119946.70485783467
563,59982.738663669,119946.73819121068
564,59982.771999112,119946.77152665368
565,59982.805325697,119946.80485323869
566,59982.838656699,119946.83818424068
567,59982.87198734,119946.87151488167
568,59982.905314137,119946.90484167868
569,59982.93864816,119946.93817570168
570,59982.971991332,119946.97151887367
571,59983.005312811,119947.00484035269
572,59983.038644191,119947.03817173268
573,59983.071969088,119947.07149662968
574,59983.105300053,119947.10482759468
575,59983.138649158,119947.13817669968
576,59983.171968961,119947.17149650268
577,59983.20530088,119947.20482842167
578,59983.238641697,119947.23816923867
579,59983.271964033,119947.27149157468
580,59983.305296808,119947.30482434967
581,59983.338637518,119947.33816505969
582,59983.371968835,119947.37149637668
583,59983.40529788,119947.40482542169
584,59983.438625323,119947.43815286468
585,59983.4719457,119947.47147324169
586,59983.505293747,119947.50482128869
587,59983.538618381,119947.53814592268
588,59983.571952472,119947.57148001368
589,59983.605284741,119947.60481228269
590,59983.638600124,119947.63812766568
591,59983.671940058,119947.67146759968
592,59983.705268192,119947.70479573368
593,59983.738596949,119947.73812449069
594,59983.771933551,119947.77146109268
595,59983.805269613,119947.80479715468
596,59983.838600119,119947.83812766068
597,59983.871919542,119947.87144708369
598,59983.905256978,119947.90478451969
599,59983.938588903,119947.93811644468
600,59983.971910755,119947.97143829668
601,59984.00524168,119948.00476922168
602,59984.038572074,119948.03809961569
603,59984.071918872,119948.07144641368
604,59984.105237892,119948.10476543367
605,59984.138574358,119948.13810189968
606,59984.171913679,119948.17144122068
607,59984.20523706,119948.20476460169
608,59984.238569981,119948.23809752267
609,59984.271904961,119948.27143250269
610,59984.305227675,119948.30475521668
611,59984.338571654,119948.33809919568
612,59984.371895745,119948.37142328668
613,59984.405226307,119948.40475384868
614,59984.438550688,119948.43807822968
615,59984.471893441,119948.47142098268
616,59984.505216431,119948.50474397268
617,59984.538552807,119948.53808034868
618,59984.571882542,119948.57141008368
619,59984.605219626,119948.60474716767
620,59984.638549736,119948.63807727769
621,59984.671882405,119948.67140994668
622,59984.705203098,119948.70473063967
623,59984.738549098,119948.73807663968
624,59984.771869709,119948.77139725068
625,59984.805200002,119948.80472754368
626,59984.838532623,119948.83806016468
627,59984.871867229,119948.87139477069
628,59984.905190192,119948.90471773368
629,59984.938530589,119948.93805813068
630,59984.97186626,119948.97139380168
631,59985.005197199,119949.00472474069
632,59985.038523831,119949.03805137269
633,59985.071854085,119949.07138162668
634,59985.105183233,119949.10471077467
635,59985.138515071,119949.13804261267
636,59985.171842925,119949.17137046668
637,59985.205182556,119949.20471009768
638,59985.238499535,119949.23802707667
639,59985.271834748,119949.27136228967
640,59985.305160563,119949.30468810469
641,59985.338489943,119949.33801748468
642,59985.371839715,119949.37136725668
643,59985.405161719,119949.40468926067
644,59985.438491908,119949.43801944968
645,59985.471829247,119949.47135678868
646,59985.505156358,119949.50468389968
647,59985.538496237,119949.53802377867
648,59985.571815802,119949.57134334368
649,59985.605151389,119949.60467893069
650,59985.638474059,119949.63800160069
651,59985.671802127,119949.67132966868
652,59985.705148712,119949.70467625368
653,59985.738474257,119949.73800179869
654,59985.771799115,119949.77132665669
655,59985.805142492,119949.80467003369
656,59985.838469807,119949.83799734869
657,59985.871807144,119949.87133468568
658,59985.905133793,119949.90466133467
659,59985.938472422,119949.93799996367
660,59985.971791531,119949.97131907268
661,59986.005129074,119950.00465661568
662,59986.038459557,119950.03798709868
663,59986.07178452,119950.07131206169
664,59986.105118126,119950.10464566768
665,59986.138446838,119950.13797437967
666,59986.171781173,119950.17130871468
667,59986.205104399,119950.20463194068
668,59986.238436574,119950.23796411569
669,59986.271778718,119950.27130625967
670,59986.305108058,119950.30463559968
671,59986.338425495,119950.33795303668
672,59986.371760753,119950.37128829467
673,59986.405089301,119950.40461684269
674,59986.438428321,119950.43795586268
675,59986.471757285,119950.47128482668
676,59986.505084474,119950.50461201568
677,59986.538429606,119950.53795714768
678,59986.571754127,119950.57128166867
679,59986.605081549,119950.60460909069
680,59986.638413529,119950.63794107069
681,59986.671755075,119950.67128261668
682,59986.705076764,119950.70460430568
683,59986.738418811,119950.73794635269
684,59986.77174904,119950.77127658168
685,59986.805065132,119950.80459267368
686,59986.838400055,119950.83792759667
687,59986.871728741,119950.87125628268
688,59986.905066624,119950.90459416568
689,59986.93839502,119950.93792256169
690,59986.971718899,119950.97124644069
691,59987.005069422,119951.00459696367
692,59987.038381594,119951.03790913569
693,59987.071725657,119951.07125319868
694,59987.105043038,119951.10457057969
695,59987.138377583,119951.13790512469
696,59987.171715728,119951.17124326968
697,59987.205044985,119951.20457252668
698,59987.238383338,119951.23791087969
699,59987.271716594,119951.27124413569
700,59987.30503195,119951.30455949169
701,59987.338382162,119951.33790970368
702,59987.371712058,119951.37123959968
703,59987.405036524,119951.40456406568
704,59987.438358572,119951.43788611368
705,59987.471698085,119951.47122562668
706,59987.505028011,119951.50455555267
707,59987.538356321,119951.53788386268
708,59987.571692047,119951.57121958869
709,59987.605021263,119951.60454880468
710,59987.638347648,119951.63787518968
711,59987.671693291,119951.67122083268
712,59987.705022633,119951.70455017468
713,59987.738355098,119951.73788263969
714,59987.77168395,119951.77121149168
715,59987.805008804,119951.80453634568
716,59987.838336416,119951.83786395768
717,59987.871662457,119951.87118999868
718,59987.904995736,119951.90452327768
719,59987.938339111,119951.93786665268
720,59987.971665681,119951.97119322268
721,59988.005004222,119952.00453176368
722,59988.03833296,119952.03786050167
723,59988.071661,119952.07118854168
724,59988.104983167,119952.10451070868
725,59988.13831794,119952.13784548169
726,59988.171652609,119952.17118015068
727,59988.204990718,119952.20451825968
728,59988.238317844,119952.23784538568
729,59988.271643454,119952.27117099568
730,59988.304981372,119952.30450891369
731,59988.338303082,119952.33783062367
732,59988.371640651,119952.37116819268
733,59988.404978486,119952.40450602768
734,59988.438308136,119952.43783567767
735,59988.471624129,119952.47115167067
736,59988.504962563,119952.50449010468
737,59988.53830203,119952.53782957168
738,59988.57162038,119952.57114792167
739,59988.604963932,119952.60449147367
740,59988.638295782,119952.63782332369
741,59988.671621249,119952.67114879069
742,59988.704941101,119952.70446864268
743,59988.738285942,119952.73781348369
744,59988.771604243,119952.77113178468
745,59988.804937354,119952.80446489569
746,59988.838270026,119952.83779756768
747,59988.871597464,119952.87112500568
748,59988.90492997,119952.90445751167
749,59988.938264908,119952.93779244968
750,59988.971591538,119952.97111907968
751,59989.004922144,119953.00444968569
752,59989.038267064,119953.03779460568
753,59989.071586028,119953.07111356969
754,59989.1049313,119953.10445884167
755,59989.138265764,119953.13779330568
756,59989.171580454,119953.17110799567
757,59989.204917541,119953.20444508268
758,59989.238259022,119953.23778656368
759,59989.271589194,119953.27111673568
760,59989.304910675,119953.30443821667
761,59989.338240222,119953.33776776367
762,59989.371572869,119953.37110041067
763,59989.404911748,119953.40443928968
764,59989.438237753,119953.43776529469
765,59989.471570774,119953.47109831568
766,59989.504902029,119953.50442957069
767,59989.538238468,119953.53776600969
768,59989.57156764,119953.57109518169
769,59989.60489508,119953.60442262169
770,59989.638221,119953.63774854169
771,59989.67156348,119953.67109102168
772,59989.704879985,119953.70440752667
773,59989.738215531,119953.73774307268
774,59989.771542547,119953.77107008868
775,59989.804872556,119953.80440009768
776,59989.83821049,119953.83773803168
777,59989.871534457,119953.87106199868
778,59989.904876809,119953.90440435067
779,59989.938211275,119953.93773881669
780,59989.971534169,119953.97106171068
781,59990.004863467,119954.00439100868
782,59990.038190069,119954.03771761068
783,59990.071520536,119954.07104807769
784,59990.104863586,119954.10439112768
785,59990.138192696,119954.13772023769
786,59990.171527575,119954.17105511669
787,59990.204861723,119954.20438926469
788,59990.238184394,119954.23771193568
789,59990.271521959,119954.27104950068
790,59990.304845672,119954.30437321367
791,59990.338188385,119954.33771592668
792,59990.371517157,119954.37104469868
793,59990.404837245,119954.40436478668
794,59990.438170927,119954.43769846868
795,59990.471507893,119954.47103543469
796,59990.504842036,119954.50436957768
797,59990.538172127,119954.53769966868
798,59990.571506355,119954.57103389667
799,59990.604828986,119954.60435652768
800,59990.638150089,119954.63767763067
801,59990.671494306,119954.67102184768
802,59990.70481799,119954.70434553167
803,59990.738158249,119954.73768579068
804,59990.771493261,119954.77102080268
805,59990.804813076,119954.80434061767
806,59990.838156997,119954.83768453868
807,59990.871472728,119954.87100026969
808,59990.904810941,119954.90433848268
809,59990.938141296,119954.93766883768
810,59990.97146376,119954.97099130167
811,59991.004801056,119955.00432859769
812,59991.038130788,119955.03765832967
813,59991.07145825,119955.07098579168
814,59991.104803106,119955.10433064768
815,59991.138124485,119955.13765202668
816,59991.171455092,119955.17098263369
817,59991.204796595,119955.20432413668
818,59991.23812266,119955.23765020169
819,59991.271460789,119955.27098833068
820,59991.304793729,119955.30432127068
821,59991.338118025,119955.33764556667
822,59991.371458047,119955.37098558867
823,59991.404787553,119955.40431509468
824,59991.43810348,119955.43763102169
825,59991.471435216,119955.47096275768
826,59991.50477055,119955.50429809168
827,59991.538102328,119955.53762986968
828,59991.571441786,119955.57096932767
829,59991.604774412,119955.60430195369
830,59991.638101105,119955.63762864668
831,59991.671438133,119955.67096567468
832,59991.704767301,119955.70429484268
833,59991.738085218,119955.73761275968
834,59991.771422702,119955.77095024368
835,59991.804746203,119955.80427374468
836,59991.838079771,119955.83760731269
837,59991.871423814,119955.87095135568
838,59991.904739673,119955.90426721468
839,59991.938084675,119955.93761221669
840,59991.971401827,119955.97092936869
841,59992.004743828,119956.00427136969
842,59992.038063646,119956.03759118769
843,59992.071408065,119956.07093560668
844,59992.104735308,119956.10426284968
845,59992.138064289,119956.13759183069
846,59992.171393379,119956.17092092067
847,59992.204736274,119956.20426381569
848,59992.23804853,119956.23757607168
849,59992.271383551,119956.27091109268
850,59992.304712557,119956.30424009869
851,59992.338048188,119956.33757572967
852,59992.371383584,119956.37091112568
853,59992.404704757,119956.40423229868
854,59992.438035538,119956.43756307967
855,59992.471373956,119956.47090149768
856,59992.504716065,119956.50424360667
857,59992.53803911,119956.53756665168
858,59992.571366926,119956.57089446767
859,59992.604699638,119956.60422717969
860,59992.638038181,119956.63756572269
861,59992.671355207,119956.67088274867
862,59992.704705042,119956.70423258368
863,59992.7380254,119956.73755294169
864,59992.771363028,119956.77089056968
865,59992.804685009,119956.80421255069
866,59992.838020638,119956.83754817968
867,59992.871348121,119956.87087566269
868,59992.904684999,119956.90421254068
869,59992.938006608,119956.93753414968
870,59992.971334111,119956.97086165268
871,59993.004681196,119957.00420873768
872,59993.037998471,119957.03752601269
873,59993.071333516,119957.07086105768
874,59993.104675163,119957.10420270468
875,59993.137993541,119957.13752108268
876,59993.171323356,119957.17085089767
877,59993.204667401,119957.20419494268
878,59993.237992718,119957.23752025969
879,59993.271318512,119957.27084605368
880,59993.304651203,119957.30417874467
881,59993.337985874,119957.33751341568
882,59993.371312627,119957.37084016867
883,59993.404658325,119957.40418586668
884,59993.437982159,119957.43750970069
885,59993.471316478,119957.47084401967
886,59993.504640771,119957.50416831268
887,59993.537982215,119957.53750975669
888,59993.571308799,119957.57083634069
889,59993.604638327,119957.60416586869
890,59993.637959328,119957.63748686967
891,59993.671304829,119957.67083237067
892,59993.704621605,119957.70414914668
893,59993.737962939,119957.73749048068
894,59993.771300037,119957.77082757867
895,59993.804622419,119957.80414996068
896,59993.8379524,119957.83747994168
897,59993.871276779,119957.87080432067
898,59993.904608884,119957.90413642567
899,59993.937953139,119957.93748068067
900,59993.971273454,119957.97080099568
901,59994.004612834,119958.00414037568
902,59994.037951422,119958.03747896367
903,59994.071279912,119958.07080745368
904,59994.104610164,119958.10413770568
905,59994.1379389,119958.13746644168
906,59994.171277817,119958.17080535868
907,59994.204591718,119958.20411925968
908,59994.237937386,119958.23746492769
909,59994.271257538,119958.27078507969
910,59994.304602166,119958.30412970769
911,59994.337922666,119958.33745020768
912,59994.371255317,119958.37078285868
913,59994.40459369,119958.40412123168
914,59994.437910922,119958.43743846368
915,59994.471254801,119958.47078234269
916,59994.504572741,119958.50410028268
917,59994.537917661,119958.53744520267
918,59994.571251852,119958.57077939369
919,59994.604567314,119958.60409485569
920,59994.637905547,119958.63743308868
921,59994.671230424,119958.67075796568
922,59994.704573303,119958.70410084468
923,59994.737892745,119958.73742028668
924,59994.771225539,119958.77075308068
925,59994.804560689,119958.80408823068
926,59994.837884401,119958.83741194269
927,59994.871213174,119958.87074071568
928,59994.904552887,119958.90408042868
929,59994.937884202,119958.93741174368
930,59994.971222038,119958.97074957969
931,59995.004545209,119959.00407275069
932,59995.037883566,119959.03741110768
933,59995.07120019,119959.07072773168
934,59995.104537626,119959.10406516769
935,59995.137863258,119959.13739079967
936,59995.171197569,119959.17072511069
937,59995.204533825,119959.20406136668
938,59995.237855719,119959.23738326068
939,59995.271200936,119959.27072847768
940,59995.304526038,119959.30405357969
941,59995.337864879,119959.33739242068
942,59995.371188969,119959.37071651069
943,59995.404527697,119959.40405523867
944,59995.437846996,119959.43737453768
945,59995.471187058,119959.47071459968
946,59995.504511107,119959.50403864868
947,59995.537838419,119959.53736596068
948,59995.57117305,119959.57070059168
949,59995.604517431,119959.60404497269
950,59995.637847868,119959.63737540969
951,59995.671178708,119959.67070624969
952,59995.704507311,119959.70403485268
953,59995.737836816,119959.73736435769
954,59995.771154878,119959.77068241968
955,59995.80449955,119959.80402709168
956,59995.837828612,119959.83735615367
957,59995.871160327,119959.87068786868
958,59995.904481929,119959.90400947069
959,59995.937820145,119959.93734768667
960,59995.97114908,119959.97067662168
961,59996.004488797,119960.00401633867
962,59996.037815013,119960.03734255469
963,59996.07115417,119960.07068171169
964,59996.104483714,119960.10401125568
965,59996.13780549,119960.13733303169
966,59996.171134658,119960.17066219967
967,59996.204468683,119960.20399622468
968,59996.23779452,119960.23732206167
969,59996.271143002,119960.27067054369
970,59996.30446084,119960.30398838168
971,59996.337803925,119960.33733146668
972,59996.37112146,119960.37064900168
973,59996.404456917,119960.40398445868
974,59996.437782572,119960.43731011369
975,59996.471112114,119960.47063965569
976,59996.504445891,119960.50397343267
977,59996.537790475,119960.53731801668
978,59996.571112003,119960.57063954469
979,59996.604453794,119960.60398133568
980,59996.637772657,119960.63730019868
981,59996.671100115,119960.67062765668
982,59996.704430365,119960.70395790668
983,59996.737761891,119960.73728943268
984,59996.771107391,119960.77063493268
985,59996.80442471,119960.80395225168
986,59996.837760253,119960.83728779468
987,59996.87108967,119960.87061721168
988,59996.904426029,119960.90395357068
989,59996.937749531,119960.93727707268
990,59996.971083767,119960.97061130867
991,59997.004418643,119961.00394618468
992,59997.037744632,119961.03727217368
993,59997.071092047,119961.07061958869
994,59997.104417327,119961.10394486868
995,59997.137747992,119961.13727553368
996,59997.171074355,119961.17060189668
997,59997.204411355,119961.20393889668
998,59997.237740133,119961.23726767467
999,59997.271078134,119961.27060567567
1000,59997.304394717,119961.30392225868
1001,59997.337730868,119961.33725840968
1002,59997.371054316,119961.37058185769
1003,59997.404402127,119961.40392966868
1004,59997.437726885,119961.43725442668
1005,59997.471055528,119961.47058306969
1006,59997.504396911,119961.50392445267
1007,59997.537719918,119961.53724745968
1008,59997.571039687,119961.57056722869
1009,59997.604381403,119961.60390894467
1010,59997.637711673,119961.63723921467
1011,59997.671043013,119961.67057055468
1012,59997.70436675,119961.70389429168
1013,59997.737696337,119961.73722387868
1014,59997.77102657,119961.77055411169
1015,59997.80437249,119961.80390003168
1016,59997.837692265,119961.83721980668
1017,59997.871037601,119961.87056514269
1018,59997.904363563,119961.90389110468
1019,59997.937697378,119961.93722491967
1020,59997.971021465,119961.97054900668
1021,59998.004345822,119962.00387336369
1022,59998.037683653,119962.03721119468
1023,59998.071012423,119962.07053996468
1024,59998.104346305,119962.10387384667
1025,59998.13768145,119962.13720899168
1026,59998.171007042,119962.17053458368
1027,59998.204335131,119962.20386267267
1028,59998.237676191,119962.23720373269
1029,59998.271002088,119962.27052962968
1030,59998.304328803,119962.30385634469
1031,59998.337669643,119962.33719718468
1032,59998.371001632,119962.37052917367
1033,59998.404339134,119962.40386667568
1034,59998.437656659,119962.43718420068
1035,59998.470998245,119962.47052578669
1036,59998.504318103,119962.50384564468
1037,59998.537656023,119962.53718356468
1038,59998.570995505,119962.57052304668
1039,59998.604325009,119962.60385255067
1040,59998.63764966,119962.63717720169
1041,59998.670974702,119962.67050224368
1042,59998.704309501,119962.70383704267
1043,59998.737648943,119962.73717648469
1044,59998.770975404,119962.77050294567
1045,59998.804302223,119962.80382976469
1046,59998.837627013,119962.83715455468
1047,59998.870957708,119962.87048524967
1048,59998.904296334,119962.90382387568
1049,59998.93763646,119962.93716400169
1050,59998.97095957,119962.97048711168
1051,59999.004295697,119963.00382323869
1052,59999.037618397,119963.03714593868
1053,59999.070949896,119963.07047743768
1054,59999.104280217,119963.10380775869
1055,59999.137616841,119963.13714438268
1056,59999.17093908,119963.17046662168
1057,59999.204280245,119963.20380778669
1058,59999.237619661,119963.23714720269
1059,59999.270952107,119963.27047964868
1060,59999.30427723,119963.30380477168
1061,59999.337600264,119963.33712780569
1062,59999.370936388,119963.37046392968
1063,59999.404275001,119963.40380254269
1064,59999.437594708,119963.43712224968
1065,59999.470925405,119963.47045294668
1066,59999.504257653,119963.50378519468
1067,59999.537598892,119963.53712643369
1068,59999.570921682,119963.57044922368
1069,59999.604259677,119963.60378721869
1070,59999.637588043,119963.63711558469
1071,59999.670909708,119963.67043724968
1072,59999.704251188,119963.70377872969
1073,59999.737587481,119963.73711502268
1074,59999.770913216,119963.77044075768
1075,59999.804248216,119963.80377575768
1076,59999.837568035,119963.83709557669
1077,59999.870910745,119963.87043828669
1078,59999.904229746,119963.90375728768
1079,59999.937569147,119963.93709668868
1080,59999.970890233,119963.97041777469
1081,60000.004230637,119964.00375817867
1082,60000.037553929,119964.03708147068
1083,60000.070896624,119964.07042416568
1084,60000.104227957,119964.10375549868
1085,60000.137550653,119964.13707819468
1086,60000.170881861,119964.17040940268
1087,60000.204213902,119964.20374144368
1088,60000.237539431,119964.23706697268
1089,60000.270884847,119964.27041238868
1090,60000.304203459,119964.30373100069
1091,60000.337547709,119964.33707525069
1092,60000.37087602,119964.37040356168
1093,60000.404206024,119964.40373356568
1094,60000.437533715,119964.43706125667
1095,60000.470867385,119964.47039492667
1096,60000.504202284,119964.50372982568
1097,60000.537521996,119964.53704953767
1098,60000.570850769,119964.57037831069
1099,60000.604185439,119964.60371298068
1100,60000.637526859,119964.63705440068
1101,60000.670858512,119964.67038605368
1102,60000.704175139,119964.70370268068
1103,60000.737516416,119964.73704395768
1104,60000.770855291,119964.77038283268
1105,60000.804174818,119964.80370235967
1106,60000.837509153,119964.83703669469
1107,60000.870831446,119964.87035898768
1108,60000.904174431,119964.90370197268
1109,60000.937500931,119964.93702847269
1110,60000.970831666,119964.97035920768
1111,60001.004163787,119965.00369132869
1112,60001.037499516,119965.03702705768
1113,60001.070833313,119965.07036085468
1114,60001.104149835,119965.10367737668
1115,60001.137487174,119965.13701471567
1116,60001.170816236,119965.17034377769
1117,60001.204157825,119965.20368536668
1118,60001.23748179,119965.23700933167
1119,60001.270822268,119965.27034980968
1120,60001.304133317,119965.30366085868
1121,60001.337477362,119965.33700490367
1122,60001.37080465,119965.37033219168
1123,60001.404131806,119965.40365934768
1124,60001.437461345,119965.43698888668
1125,60001.470804126,119965.47033166769
1126,60001.504128167,119965.50365570869
1127,60001.537474082,119965.53700162368
1128,60001.570794277,119965.57032181868
1129,60001.60413515,119965.60366269169
1130,60001.637460557,119965.63698809867
1131,60001.670788259,119965.67031580067
1132,60001.704123497,119965.70365103868
1133,60001.737454038,119965.73698157968
1134,60001.770777691,119965.77030523268
1135,60001.804102607,119965.80363014867
1136,60001.837453552,119965.83698109369
1137,60001.870781344,119965.87030888567
1138,60001.904101677,119965.90362921868
1139,60001.937441456,119965.93696899767
1140,60001.970766122,119965.97029366367
1141,60002.00409316,119966.00362070168
1142,60002.037429032,119966.03695657369
1143,60002.070754896,119966.07028243768
1144,60002.104086352,119966.10361389368
1145,60002.137424842,119966.13695238368
1146,60002.170764547,119966.17029208867
1147,60002.204094419,119966.20362196068
1148,60002.237425118,119966.23695265967
1149,60002.270757697,119966.27028523869
1150,60002.304072855,119966.30360039667
1151,60002.33741177,119966.33693931167
1152,60002.370745177,119966.37027271869
1153,60002.404075132,119966.40360267367
1154,60002.437405165,119966.43693270668
1155,60002.470739368,119966.47026690969
1156,60002.504078235,119966.50360577667
1157,60002.53741044,119966.53693798168
1158,60002.570723222,119966.57025076367
1159,60002.604065678,119966.60359321968
1160,60002.63738434,119966.63691188168
1161,60002.670714112,119966.67024165369
1162,60002.704062238,119966.70358977967
1163,60002.73738364,119966.73691118168
1164,60002.770719016,119966.77024655769
1165,60002.804057127,119966.80358466868
1166,60002.837379169,119966.83690671068
1167,60002.870707669,119966.87023521068
1168,60002.904048946,119966.90357648768
1169,60002.937383031,119966.93691057268
1170,60002.970701391,119966.97022893268
1171,60003.004034558,119967.00356209968
1172,60003.037377793,119967.03690533468
1173,60003.070690087,119967.07021762867
1174,60003.104040197,119967.10356773868
1175,60003.137365531,119967.13689307269
1176,60003.170686726,119967.17021426768
1177,60003.204020809,119967.20354835068
1178,60003.237346851,119967.23687439268
1179,60003.27069642,119967.27022396168
1180,60003.30401588,119967.30354342167
1181,60003.337342768,119967.33687030968
1182,60003.370687565,119967.37021510668
1183,60003.404001196,119967.40352873769
1184,60003.437341551,119967.43686909268
1185,60003.470679598,119967.47020713968
1186,60003.504013285,119967.50354082667
1187,60003.537327625,119967.53685516669
1188,60003.57066652,119967.57019406167
1189,60003.603998694,119967.60352623567
1190,60003.6373336,119967.63686114168
1191,60003.670666101,119967.67019364268
1192,60003.703989338,119967.70351687967
1193,60003.737318672,119967.73684621368
1194,60003.770649323,119967.77017686468
1195,60003.80398245,119967.80350999167
1196,60003.837316684,119967.83684422568
1197,60003.870646727,119967.87017426868
1198,60003.903968188,119967.90349572968
1199,60003.937316754,119967.93684429568
1200,60003.970648086,119967.97017562768
1201,60004.0039719,119968.00349944168
1202,60004.037310321,119968.03683786269
1203,60004.070641677,119968.07016921867
1204,60004.10396785,119968.10349539168
1205,60004.137296729,119968.13682427068
1206,60004.170628168,119968.17015570968
1207,60004.203955257,119968.20348279868
1208,60004.237287111,119968.23681465269
1209,60004.270621908,119968.27014944967
1210,60004.30395094,119968.30347848168
1211,60004.337293899,119968.33682144068
1212,60004.370618094,119968.37014563568
1213,60004.403942136,119968.40346967768
1214,60004.437288162,119968.43681570368
1215,60004.470600582,119968.47012812368
1216,60004.503951315,119968.50347885667
1217,60004.537278691,119968.53680623267
1218,60004.570604593,119968.57013213469
1219,60004.603924386,119968.60345192769
1220,60004.637261888,119968.63678942967
1221,60004.670596665,119968.67012420668
1222,60004.703925957,119968.70345349869
1223,60004.737255875,119968.73678341668
1224,60004.770581901,119968.77010944267
1225,60004.803918344,119968.80344588569
1226,60004.837247013,119968.83677455469
1227,60004.870582848,119968.87011038969
1228,60004.903911832,119968.90343937368
1229,60004.937246917,119968.93677445868
1230,60004.970573994,119968.97010153567
1231,60005.003914701,119969.00344224268
1232,60005.037243481,119969.03677102269
1233,60005.07056902,119969.07009656169
1234,60005.103900176,119969.10342771768
1235,60005.137235466,119969.13676300767
1236,60005.17056534,119969.17009288169
1237,60005.203897036,119969.20342457769
1238,60005.237226203,119969.23675374468
1239,60005.270548315,119969.27007585668
1240,60005.303892804,119969.30342034568
1241,60005.33721791,119969.33674545167
1242,60005.370542206,119969.37006974767
1243,60005.403871437,119969.40339897868
1244,60005.437207858,119969.43673539968
1245,60005.470541697,119969.47006923868
1246,60005.503875219,119969.50340276069
1247,60005.537198432,119969.53672597368
1248,60005.57054558,119969.57007312168
1249,60005.603877376,119969.60340491768
1250,60005.637205253,119969.63673279468
1251,60005.670532791,119969.67006033269
1252,60005.703867073,119969.70339461468
1253,60005.737196029,119969.73672357068
1254,60005.77052802,119969.77005556168
1255,60005.803857184,119969.80338472567
1256,60005.837186264,119969.83671380568
1257,60005.870513044,119969.87004058568
1258,60005.903842083,119969.90336962468
1259,60005.937175469,119969.93670301068
1260,60005.970517973,119969.97004551468
1261,60006.003850913,119970.00337845468
1262,60006.037166461,119970.03669400269
1263,60006.070510858,119970.07003839969
1264,60006.103827695,119970.10335523667
1265,60006.137161784,119970.13668932568
1266,60006.170497889,119970.17002543068
1267,60006.203829227,119970.20335676867
1268,60006.237158041,119970.23668558268
1269,60006.270490256,119970.27001779768
1270,60006.303817582,119970.30334512368
1271,60006.337153166,119970.33668070768
1272,60006.37049757,119970.37002511168
1273,60006.403826027,119970.40335356869
1274,60006.437142807,119970.43667034869
1275,60006.470484263,119970.47001180469
1276,60006.503806555,119970.50333409669
1277,60006.537154168,119970.53668170968
1278,60006.570471001,119970.56999854269
1279,60006.603801604,119970.60332914567
1280,60006.637145482,119970.63667302368
1281,60006.670474882,119970.67000242368
1282,60006.703803551,119970.70333109268
1283,60006.737133012,119970.73666055368
1284,60006.770461578,119970.76998911968
1285,60006.803801247,119970.80332878868
1286,60006.837129482,119970.83665702368
1287,60006.87045361,119970.86998115169
1288,60006.90377926,119970.90330680169
1289,60006.937120765,119970.93664830667
1290,60006.970449126,119970.96997666768
1291,60007.003788794,119971.00331633567
1292,60007.037110864,119971.03663840568
1293,60007.070451989,119971.06997953067
1294,60007.103782349,119971.10330989068
1295,60007.137110808,119971.13663834968
1296,60007.170437017,119971.16996455868
1297,60007.203762211,119971.20328975268
1298,60007.237102004,119971.23662954569
1299,60007.2704325,119971.26996004168
1300,60007.303761789,119971.30328933068
1301,60007.337093195,119971.33662073668
1302,60007.370427193,119971.36995473468
1303,60007.403747814,119971.40327535568
1304,60007.437083471,119971.43661101267
1305,60007.470408469,119971.46993601069
1306,60007.503751917,119971.50327945867
1307,60007.537071039,119971.53659858069
1308,60007.57041732,119971.56994486168
1309,60007.60374982,119971.60327736169
1310,60007.63707456,119971.63660210167
1311,60007.670399182,119971.66992672368
1312,60007.703727672,119971.70325521368
1313,60007.737066251,119971.73659379268
1314,60007.770390326,119971.76991786767
1315,60007.803738989,119971.80326653068
1316,60007.837066569,119971.83659411067
1317,60007.870395768,119971.86992330968
1318,60007.903723016,119971.90325055769
1319,60007.93705934,119971.93658688168
1320,60007.970384211,119971.96991175268
1321,60008.003715953,119972.00324349468
1322,60008.037043116,119972.03657065768
1323,60008.070380737,119972.06990827867
1324,60008.103708978,119972.10323651967
1325,60008.137043307,119972.13657084867
1326,60008.170370756,119972.16989829768
1327,60008.203704878,119972.20323241968
1328,60008.237040161,119972.23656770268
1329,60008.270372767,119972.26990030869
1330,60008.303693667,119972.30322120868
1331,60008.33703292,119972.33656046167
1332,60008.37036786,119972.36989540167
1333,60008.40369124,119972.40321878168
1334,60008.437017429,119972.43654497068
1335,60008.470358601,119972.46988614267
1336,60008.503674979,119972.50320252069
1337,60008.537020169,119972.53654771068
1338,60008.570345132,119972.56987267369
1339,60008.603668825,119972.60319636669
1340,60008.637002161,119972.63652970268
1341,60008.670341894,119972.66986943569
1342,60008.703664772,119972.70319231368
1343,60008.737008608,119972.73653614968
1344,60008.770331592,119972.76985913368
1345,60008.803655846,119972.80318338767
1346,60008.83699541,119972.83652295168
1347,60008.870329955,119972.86985749668
1348,60008.903649605,119972.90317714668
1349,60008.936988863,119972.93651640468
1350,60008.970321389,119972.96984893069
1351,60009.003657016,119973.00318455769
1352,60009.036987709,119973.03651525069
1353,60009.070318544,119973.06984608568
1354,60009.103648612,119973.10317615367
1355,60009.136967697,119973.13649523868
1356,60009.170305447,119973.16983298867
1357,60009.203644975,119973.20317251669
1358,60009.236970267,119973.23649780868
1359,60009.270303592,119973.26983113369
1360,60009.303635383,119973.30316292468
1361,60009.33697137,119973.33649891168
1362,60009.370293327,119973.36982086868
1363,60009.403627243,119973.40315478468
1364,60009.436952481,119973.43648002268
1365,60009.470292397,119973.46981993868
1366,60009.503627301,119973.50315484268
1367,60009.536947039,119973.53647458067
1368,60009.570274732,119973.56980227368
1369,60009.603610612,119973.60313815367
1370,60009.636941468,119973.63646900968
1371,60009.670267681,119973.66979522268
1372,60009.703604204,119973.70313174569
1373,60009.736940375,119973.73646791668
1374,60009.770261004,119973.76978854567
1375,60009.803610277,119973.80313781867
1376,60009.836926323,119973.83645386467
1377,60009.870264637,119973.86979217868
1378,60009.903598016,119973.90312555767
1379,60009.936928176,119973.93645571769
1380,60009.970263468,119973.96979100967
1381,60010.003583926,119974.00311146768
1382,60010.036923329,119974.03645087068
1383,60010.070248079,119974.06977562068
1384,60010.103581692,119974.10310923368
1385,60010.13692015,119974.13644769168
1386,60010.170235801,119974.16976334268
1387,60010.203574261,119974.20310180268
1388,60010.236901535,119974.23642907667
1389,60010.270228744,119974.26975628568
1390,60010.303566437,119974.30309397868
1391,60010.336903062,119974.33643060368
1392,60010.370232923,119974.36976046467
1393,60010.403568217,119974.40309575868
1394,60010.43689526,119974.43642280168
1395,60010.470216704,119974.46974424568
1396,60010.50355433,119974.50308187168
1397,60010.536894605,119974.53642214669
1398,60010.570208444,119974.56973598569
1399,60010.603558181,119974.60308572269
1400,60010.636874681,119974.63640222268
1401,60010.670219055,119974.66974659669
1402,60010.703533085,119974.70306062668
1403,60010.736871044,119974.73639858568
1404,60010.770209362,119974.76973690369
1405,60010.803538696,119974.80306623768
1406,60010.836866974,119974.83639451567
1407,60010.870203391,119974.86973093268
1408,60010.903526034,119974.90305357569
1409,60010.936866663,119974.93639420468
1410,60010.970187935,119974.96971547668
1411,60011.003531023,119975.00305856467
1412,60011.036860255,119975.03638779669
1413,60011.070182092,119975.06970963368
1414,60011.103518721,119975.10304626268
1415,60011.136837786,119975.13636532768
1416,60011.17018629,119975.16971383168
1417,60011.203509439,119975.20303698067
1418,60011.236844068,119975.23637160967
1419,60011.27018109,119975.26970863168
1420,60011.303495677,119975.30302321867
1421,60011.336834828,119975.33636236968
1422,60011.370163456,119975.36969099767
1423,60011.403497418,119975.40302495968
1424,60011.4368284,119975.43635594168
1425,60011.470152403,119975.46967994468
1426,60011.50348151,119975.50300905168
1427,60011.536818307,119975.53634584868
1428,60011.570144452,119975.56967199368
1429,60011.603486125,119975.60301366668
1430,60011.636805771,119975.63633331268
1431,60011.67014961,119975.66967715169
1432,60011.703479823,119975.70300736467
1433,60011.736801262,119975.73632880367
1434,60011.770141099,119975.76966864069
1435,60011.80348033,119975.80300787168
1436,60011.836812001,119975.83633954267
1437,60011.870135482,119975.86966302368
1438,60011.903467407,119975.90299494867
1439,60011.936805681,119975.93633322268
1440,60011.970133142,119975.96966068368
1441,60012.00345525,119976.00298279169
1442,60012.036786795,119976.03631433667
1443,60012.070128006,119976.06965554768
1444,60012.103445573,119976.10297311467
1445,60012.136790325,119976.13631786668
1446,60012.170115641,119976.16964318269
1447,60012.20344331,119976.20297085168
1448,60012.236773943,119976.23630148468
1449,60012.27011323,119976.26964077167
1450,60012.303449471,119976.30297701267
1451,60012.336780468,119976.33630800969
1452,60012.370104836,119976.36963237768
1453,60012.403446039,119976.40297358068
1454,60012.436767659,119976.43629520068
1455,60012.470093276,119976.46962081769
1456,60012.503425479,119976.50295302068
1457,60012.536763502,119976.53629104368
1458,60012.570099794,119976.56962733567
1459,60012.603425322,119976.60295286367
1460,60012.636742405,119976.63626994667
1461,60012.670093696,119976.66962123767
1462,60012.703405558,119976.70293309967
1463,60012.736738849,119976.73626639068
1464,60012.770068419,119976.76959596068
1465,60012.803398087,119976.80292562868
1466,60012.836731115,119976.83625865668
1467,60012.870070739,119976.86959828068
1468,60012.903404858,119976.90293239968
1469,60012.936737855,119976.93626539668
1470,60012.970060263,119976.96958780468
1471,60013.003397301,119977.00292484267
1472,60013.036728924,119977.03625646568
1473,60013.070057747,119977.06958528867
1474,60013.103389036,119977.10291657769
1475,60013.136731776,119977.13625931769
1476,60013.170051356,119977.16957889768
1477,60013.203382999,119977.20291054068
1478,60013.236713126,119977.23624066768
1479,60013.270050985,119977.26957852667
1480,60013.303386153,119977.30291369467
1481,60013.336702972,119977.33623051368
1482,60013.370028516,119977.36955605767
1483,60013.40336885,119977.40289639168
1484,60013.436698376,119977.43622591769
1485,60013.470029627,119977.46955716869
1486,60013.503357029,119977.50288457068
1487,60013.536697205,119977.53622474668
1488,60013.57001707,119977.56954461167
1489,60013.60336265,119977.60289019169
1490,60013.636687141,119977.63621468269
1491,60013.67001443,119977.66954197167
1492,60013.703344261,119977.70287180267
1493,60013.73668046,119977.73620800168
1494,60013.770016664,119977.76954420569
1495,60013.80335332,119977.80288086168
1496,60013.836675402,119977.83620294368
1497,60013.870003675,119977.86953121668
1498,60013.903337425,119977.90286496669
1499,60013.93666237,119977.93618991168
1500,60013.969991454,119977.96951899568
1501,60014.003339746,119978.00286728768
1502,60014.036665733,119978.03619327469
1503,60014.069994399,119978.06952194068
1504,60014.103315677,119978.10284321869
1505,60014.136646303,119978.13617384469
1506,60014.169988039,119978.16951558068
1507,60014.203313032,119978.20284057368
1508,60014.236658015,119978.23618555669
1509,60014.269984352,119978.26951189368
1510,60014.303318667,119978.30284620868
1511,60014.336645962,119978.33617350369
1512,60014.369975174,119978.36950271568
1513,60014.403301699,119978.40282924069
1514,60014.436635534,119978.43616307568
1515,60014.46997631,119978.46950385168
1516,60014.503292313,119978.50281985468
1517,60014.536635804,119978.53616334568
1518,60014.569963388,119978.56949092969
1519,60014.603293138,119978.60282067969
1520,60014.636615418,119978.63614295967
1521,60014.669951126,119978.66947866768
1522,60014.703291612,119978.70281915368
1523,60014.736613779,119978.73614132068
1524,60014.769938765,119978.76946630668
1525,60014.803285097,119978.80281263868
1526,60014.836606919,119978.83613446068
1527,60014.869944376,119978.86947191769
1528,60014.903282821,119978.90281036268
1529,60014.936609112,119978.93613665368
1530,60014.969940766,119978.96946830768
1531,60015.003257017,119979.00278455869
1532,60015.036596267,119979.03612380868
1533,60015.069932335,119979.06945987669
1534,60015.103251503,119979.10277904468
1535,60015.136596781,119979.13612432269
1536,60015.169916448,119979.16944398968
1537,60015.20326228,119979.20278982169
1538,60015.236583027,119979.23611056869
1539,60015.26992306,119979.26945060169
1540,60015.303250389,119979.30277793069
1541,60015.336583677,119979.33611121868
1542,60015.369918126,119979.36944566769
1543,60015.403241206,119979.40276874768
1544,60015.436581364,119979.43610890568
1545,60015.469898403,119979.46942594467
1546,60015.503228685,119979.50275622668
1547,60015.536573723,119979.53610126468
1548,60015.56989634,119979.56942388168
1549,60015.603237335,119979.60276487668
1550,60015.636557994,119979.63608553569
1551,60015.669889698,119979.66941723968
1552,60015.703233194,119979.70276073567
1553,60015.736563019,119979.73609056068
1554,60015.769880473,119979.76940801469
1555,60015.803210465,119979.80273800668
1556,60015.836539044,119979.83606658567
1557,60015.869879743,119979.86940728468
1558,60015.903221447,119979.90274898868
1559,60015.936545189,119979.93607273068
1560,60015.969877393,119979.96940493467
1561,60016.003196389,119980.00272393068
1562,60016.036533505,119980.03606104667
1563,60016.069866917,119980.06939445868
1564,60016.103194324,119980.10272186568
1565,60016.136535531,119980.13606307268
1566,60016.169851887,119980.16937942868
1567,60016.203191884,119980.20271942568
1568,60016.236513706,119980.23604124767
1569,60016.269849581,119980.26937712268
1570,60016.303196233,119980.30272377469
1571,60016.336527026,119980.33605456768
1572,60016.369842943,119980.36937048468
1573,60016.403178095,119980.40270563669
1574,60016.43651197,119980.43603951168
1575,60016.469852291,119980.46937983268
1576,60016.503166957,119980.50269449869
1577,60016.536510194,119980.53603773567
1578,60016.569842694,119980.56937023568
1579,60016.603172235,119980.60269977667
1580,60016.636491223,119980.63601876468
1581,60016.66983268,119980.66936022168
1582,60016.703167499,119980.70269504067
1583,60016.7364805,119980.73600804168
1584,60016.769811321,119980.76933886268
1585,60016.803151738,119980.80267927967
1586,60016.836484962,119980.83601250369
1587,60016.869818257,119980.86934579868
1588,60016.90313778,119980.90266532169
1589,60016.936480618,119980.93600815968
1590,60016.969810766,119980.96933830768
1591,60017.00314152,119981.00266906168
1592,60017.036476482,119981.03600402368
1593,60017.069794088,119981.06932162968
1594,60017.103126009,119981.10265355068
1595,60017.136464116,119981.13599165768
1596,60017.169793129,119981.16932067068
1597,60017.203116992,119981.20264453368
1598,60017.236449242,119981.23597678368
1599,60017.269784241,119981.26931178267
1600,60017.303118603,119981.30264614467
1601,60017.33645981,119981.33598735169
1602,60017.369776881,119981.36930442268
1603,60017.403108673,119981.40263621468
1604,60017.436449368,119981.43597690968
1605,60017.469781868,119981.46930940967
1606,60017.503103052,119981.50263059368
1607,60017.536448305,119981.53597584668
1608,60017.569766536,119981.56929407768
1609,60017.603109582,119981.60263712368
1610,60017.636424523,119981.63595206468
1611,60017.669760693,119981.66928823468
1612,60017.703088739,119981.70261628067
1613,60017.736433636,119981.73596117768
1614,60017.769749516,119981.76927705768
1615,60017.803097415,119981.80262495668
1616,60017.836421469,119981.83594901068
1617,60017.86974704,119981.86927458168
1618,60017.90307233,119981.90259987168
1619,60017.936422329,119981.93594987068
1620,60017.969734277,119981.96926181868
1621,60018.003078398,119982.00260593968
1622,60018.036402097,119982.03592963869
1623,60018.06973822,119982.06926576167
1624,60018.103067708,119982.10259524969
1625,60018.136400707,119982.13592824868
1626,60018.169725235,119982.16925277669
1627,60018.203066028,119982.20259356967
1628,60018.236393483,119982.23592102468
1629,60018.269714306,119982.26924184768
1630,60018.303057221,119982.30258476269
1631,60018.336377876,119982.33590541768
1632,60018.369725374,119982.36925291568
1633,60018.403046946,119982.40257448767
1634,60018.43637811,119982.43590565168
1635,60018.469712598,119982.46924013968
1636,60018.503038102,119982.50256564368
1637,60018.536383551,119982.53591109268
1638,60018.56970884,119982.56923638168
1639,60018.60303508,119982.60256262167
1640,60018.636364368,119982.63589190968
1641,60018.669689824,119982.66921736568
1642,60018.703036938,119982.70256447968
1643,60018.736354561,119982.73588210269
1644,60018.769697385,119982.76922492668
1645,60018.803033423,119982.80256096469
1646,60018.836346164,119982.83587370568
1647,60018.86967987,119982.86920741168
1648,60018.903008277,119982.90253581868
1649,60018.936342565,119982.93587010668
1650,60018.96968677,119982.96921431168
1651,60019.003017177,119983.00254471868
1652,60019.036334674,119983.03586221568
1653,60019.069676456,119983.06920399767
1654,60019.103009411,119983.10253695268
1655,60019.136345777,119983.13587331868
1656,60019.169673855,119983.16920139668
1657,60019.202996139,119983.20252368068
1658,60019.236325927,119983.23585346868
1659,60019.269653799,119983.26918134067
1660,60019.302985039,119983.30251258067
1661,60019.336331704,119983.33585924568
1662,60019.369654653,119983.36918219467
1663,60019.40298765,119983.40251519167
1664,60019.436309222,119983.43583676367
1665,60019.469651887,119983.46917942868
1666,60019.502981284,119983.50250882568
1667,60019.536309075,119983.53583661668
1668,60019.56964102,119983.56916856169
1669,60019.602971687,119983.60249922868
1670,60019.636294813,119983.63582235467
1671,60019.66962784,119983.66915538168
1672,60019.702966882,119983.70249442369
1673,60019.736298702,119983.73582624368
1674,60019.769638326,119983.76916586768
1675,60019.802950641,119983.80247818268
1676,60019.83629031,119983.83581785168
1677,60019.869615753,119983.86914329468
1678,60019.902957711,119983.90248525268
1679,60019.936278048,119983.93580558969
1680,60019.969620281,119983.96914782267
1681,60020.002955825,119984.00248336668
1682,60020.036271476,119984.03579901767
1683,60020.069617352,119984.06914489367
1684,60020.102934171,119984.10246171268
1685,60020.136265921,119984.13579346269
1686,60020.169602362,119984.16912990369
1687,60020.20293674,119984.20246428168
1688,60020.236263617,119984.23579115869
1689,60020.26959535,119984.26912289168
1690,60020.30291727,119984.30244481168
1691,60020.336264712,119984.33579225368
1692,60020.369593005,119984.36912054667
1693,60020.402915197,119984.40244273868
1694,60020.436261992,119984.43578953369
1695,60020.469582159,119984.46910970067
1696,60020.502905739,119984.50243328068
1697,60020.536251654,119984.53577919568
1698,60020.569583102,119984.56911064367
1699,60020.60291639,119984.60244393168
1700,60020.636235296,119984.63576283769
1701,60020.669573586,119984.66910112769
1702,60020.702900909,119984.70242845068
1703,60020.736237031,119984.73576457269
1704,60020.769571354,119984.76909889569
1705,60020.802899855,119984.80242739667
1706,60020.836225346,119984.83575288768
1707,60020.869548092,119984.86907563367
1708,60020.902890423,119984.90241796468
1709,60020.936219913,119984.93574745467
1710,60020.969548909,119984.96907645068
1711,60021.002892484,119985.00242002567
1712,60021.036210396,119985.03573793768
1713,60021.069543763,119985.06907130468
1714,60021.102874008,119985.10240154968
1715,60021.136201179,119985.13572872068
1716,60021.169534505,119985.16906204668
1717,60021.202862039,119985.20238958068
1718,60021.236206951,119985.23573449269
1719,60021.269527611,119985.26905515269
1720,60021.302861439,119985.30238898068
1721,60021.336195724,119985.33572326569
1722,60021.369536094,119985.36906363568
1723,60021.402858421,119985.40238596269
1724,60021.436193457,119985.43572099868
1725,60021.469521109,119985.46904865067
1726,60021.502850892,119985.50237843368
1727,60021.536182846,119985.53571038769
1728,60021.569518051,119985.56904559268
1729,60021.602845043,119985.60237258469
1730,60021.636183455,119985.63571099668
1731,60021.669511113,119985.66903865468
1732,60021.702844733,119985.70237227468
1733,60021.736176434,119985.73570397569
1734,60021.769499805,119985.76902734669
1735,60021.802836639,119985.80236418068
1736,60021.836174174,119985.83570171568
1737,60021.869504001,119985.86903154268
1738,60021.902825287,119985.90235282868
1739,60021.936152281,119985.93567982268
1740,60021.969481526,119985.96900906769
1741,60022.002817978,119986.00234551968
1742,60022.036152056,119986.03567959768
1743,60022.069479257,119986.06900679867
1744,60022.102814534,119986.10234207568
1745,60022.136140573,119986.13566811467
1746,60022.169468062,119986.16899560369
1747,60022.202801894,119986.20232943568
1748,60022.236135431,119986.23566297267
1749,60022.269468506,119986.26899604767
1750,60022.302795502,119986.30232304368
1751,60022.336133577,119986.33566111868
1752,60022.369454157,119986.36898169867
1753,60022.402792813,119986.40232035468
1754,60022.436122393,119986.43564993469
1755,60022.469454142,119986.46898168369
1756,60022.502780553,119986.50230809467
1757,60022.536125923,119986.53565346467
1758,60022.569448207,119986.56897574868
1759,60022.602777286,119986.60230482768
1760,60022.636117195,119986.63564473667
1761,60022.669449898,119986.66897743968
1762,60022.702775601,119986.70230314268
1763,60022.736106928,119986.73563446969
1764,60022.769433507,119986.76896104869
1765,60022.802774834,119986.80230237568
1766,60022.836105661,119986.83563320269
1767,60022.869440614,119986.86896815567
1768,60022.902769608,119986.90229714967
1769,60022.936087559,119986.93561510068
1770,60022.969427011,119986.96895455268
1771,60023.002748923,119987.00227646469
1772,60023.036092958,119987.03562049968
1773,60023.069421453,119987.06894899468
1774,60023.102755904,119987.10228344568
1775,60023.136086418,119987.13561395969
1776,60023.169416668,119987.16894420968
1777,60023.202733293,119987.20226083469
1778,60023.236074029,119987.23560157069
1779,60023.269409113,119987.26893665468
1780,60023.302733475,119987.30226101668
1781,60023.3360646,119987.33559214168
1782,60023.369398879,119987.36892642068
1783,60023.402738086,119987.40226562768
1784,60023.436054341,119987.43558188269
1785,60023.469392045,119987.46891958668
1786,60023.502725454,119987.50225299568
1787,60023.536062406,119987.53558994769
1788,60023.569388234,119987.56891577569
1789,60023.602726435,119987.60225397669
1790,60023.636048807,119987.63557634868
1791,60023.669372507,119987.66890004868
1792,60023.702708503,119987.70223604469
1793,60023.736039952,119987.73556749368
1794,60023.76936836,119987.76889590168
1795,60023.802702482,119987.80223002368
1796,60023.836027891,119987.83555543268
1797,60023.869358304,119987.86888584567
1798,60023.902693294,119987.90222083568
1799,60023.936035832,119987.93556337367
1800,60023.969350572,119987.96887811368
1801,60024.002686612,119988.00221415368
1802,60024.03601706,119988.03554460168
1803,60024.069354181,119988.06888172269
1804,60024.102676894,119988.10220443568
1805,60024.136021096,119988.13554863769
1806,60024.169352424,119988.16887996568
1807,60024.202685459,119988.20221300068
1808,60024.236016409,119988.23554395068
1809,60024.26934053,119988.26886807168
1810,60024.302668106,119988.30219564767
1811,60024.336009893,119988.33553743467
1812,60024.369335635,119988.36886317667
1813,60024.402661423,119988.40218896468
1814,60024.435988912,119988.43551645368
1815,60024.469326907,119988.46885444867
1816,60024.502666484,119988.50219402567
1817,60024.535998812,119988.53552635369
1818,60024.569330763,119988.56885830467
1819,60024.602659966,119988.60218750768
1820,60024.635993379,119988.63552092068
1821,60024.669319246,119988.66884678768
1822,60024.702638199,119988.70216574069
1823,60024.735989693,119988.73551723469
1824,60024.769307769,119988.76883531068
1825,60024.802645804,119988.80217334567
1826,60024.835969341,119988.83549688268
1827,60024.869309459,119988.86883700069
1828,60024.902637371,119988.90216491268
1829,60024.935965905,119988.93549344668
1830,60024.969300358,119988.96882789969
1831,60025.002619102,119989.00214664367
1832,60025.035951514,119989.03547905569
1833,60025.069297507,119989.06882504869
1834,60025.102620899,119989.10214844068
1835,60025.13594836,119989.13547590168
1836,60025.169274301,119989.16880184268
1837,60025.20260368,119989.20213122168
1838,60025.235940413,119989.23546795468
1839,60025.269273373,119989.26880091468
1840,60025.302609524,119989.30213706568
1841,60025.33593886,119989.33546640168
1842,60025.369277261,119989.36880480268
1843,60025.402593345,119989.40212088669
1844,60025.435939031,119989.43546657267
1845,60025.46926573,119989.46879327168
1846,60025.502598102,119989.50212564369
1847,60025.535936302,119989.53546384368
1848,60025.569261837,119989.56878937868
1849,60025.602582625,119989.60211016668
1850,60025.635916743,119989.63544428468
1851,60025.66926207,119989.66878961168
1852,60025.702577647,119989.70210518868
1853,60025.735911077,119989.73543861868
1854,60025.769245868,119989.76877340968
1855,60025.802574868,119989.80210240968
1856,60025.835908522,119989.83543606367
1857,60025.869241355,119989.86876889667
1858,60025.902565259,119989.90209280068
1859,60025.935896384,119989.93542392568
1860,60025.969227121,119989.96875466268
1861,60026.002570871,119990.00209841269
1862,60026.035897608,119990.03542514969
1863,60026.069226107,119990.06875364868
1864,60026.102551992,119990.10207953368
1865,60026.135886318,119990.13541385968
1866,60026.169220522,119990.16874806368
1867,60026.20255564,119990.20208318168
1868,60026.235883883,119990.23541142468
1869,60026.269212046,119990.26873958769
1870,60026.302547371,119990.30207491267
1871,60026.335870408,119990.33539794968
1872,60026.369205943,119990.36873348468
1873,60026.402542628,119990.40207016969
1874,60026.435867044,119990.43539458569
1875,60026.469199208,119990.46872674968
1876,60026.502529405,119990.50205694669
1877,60026.535857069,119990.53538461067
1878,60026.569203393,119990.56873093468
1879,60026.602527057,119990.60205459868
1880,60026.63586163,119990.63538917169
1881,60026.669197502,119990.66872504368
1882,60026.702518576,119990.70204611769
1883,60026.735859604,119990.73538714569
1884,60026.769170547,119990.76869808868
1885,60026.802505549,119990.80203309067
1886,60026.835839136,119990.83536667768
1887,60026.869172952,119990.86870049368
1888,60026.902512372,119990.90203991368
1889,60026.935826688,119990.93535422967
1890,60026.969174649,119990.96870219067
1891,60027.002506549,119991.00203409068
1892,60027.03583101,119991.03535855169
1893,60027.069156801,119991.06868434268
1894,60027.102490089,119991.10201763068
1895,60027.13582817,119991.13535571168
1896,60027.169146827,119991.16867436867
1897,60027.202479283,119991.20200682468
1898,60027.235817521,119991.23534506268
1899,60027.269155395,119991.26868293667
1900,60027.302482259,119991.30200980068
1901,60027.335816131,119991.33534367269
1902,60027.369138538,119991.36866607968
1903,60027.40247207,119991.40199961168
1904,60027.435814179,119991.43534172067
1905,60027.469144556,119991.46867209769
1906,60027.502475225,119991.50200276668
1907,60027.535806208,119991.53533374968
1908,60027.569127003,119991.56865454468
1909,60027.602468153,119991.60199569468
1910,60027.635789364,119991.63531690568
1911,60027.669129848,119991.66865738967
1912,60027.702449683,119991.70197722467
1913,60027.735795191,119991.73532273268
1914,60027.76912656,119991.76865410167
1915,60027.802452804,119991.80198034568
1916,60027.835776506,119991.83530404768
1917,60027.869117835,119991.86864537667
1918,60027.902442077,119991.90196961869
1919,60027.935778031,119991.93530557268
1920,60027.969109106,119991.96863664768
1921,60028.002446393,119992.00197393468
1922,60028.035760968,119992.03528850968
1923,60028.069103499,119992.06863104069
1924,60028.102432197,119992.10195973868
1925,60028.135763695,119992.13529123669
1926,60028.1690994,119992.16862694168
1927,60028.20242789,119992.20195543168
1928,60028.235745513,119992.23527305468
1929,60028.269089335,119992.26861687668
1930,60028.302418958,119992.30194649968
1931,60028.335740198,119992.33526773969
1932,60028.369076029,119992.36860357068
1933,60028.402401315,119992.40192885668
1934,60028.435732091,119992.43525963268
1935,60028.469070926,119992.46859846768
1936,60028.502392954,119992.50192049568
1937,60028.535739287,119992.53526682868
1938,60028.569061063,119992.56858860468
1939,60028.60239694,119992.60192448169
1940,60028.635721843,119992.63524938468
1941,60028.669063969,119992.66859151068
1942,60028.702383374,119992.70191091568
1943,60028.735730708,119992.73525824968
1944,60028.769055278,119992.76858281967
1945,60028.802386235,119992.80191377668
1946,60028.835716653,119992.83524419468
1947,60028.869053806,119992.86858134768
1948,60028.902377263,119992.90190480469
1949,60028.935712543,119992.93524008468
1950,60028.969029876,119992.96855741768
1951,60029.002362154,119993.00188969568
1952,60029.035694029,119993.03522157068
1953,60029.069028659,119993.06855620068
1954,60029.102365651,119993.10189319268
1955,60029.135699479,119993.13522702068
1956,60029.169034721,119993.16856226268
1957,60029.202355551,119993.20188309268
1958,60029.23569646,119993.23522400168
1959,60029.269016372,119993.26854391368
1960,60029.302361489,119993.30188903067
1961,60029.335688525,119993.33521606668
1962,60029.369018126,119993.36854566768
1963,60029.402352877,119993.40188041868
1964,60029.435677754,119993.43520529568
1965,60029.469001864,119993.46852940568
1966,60029.502345114,119993.50187265567
1967,60029.535664932,119993.53519247368
1968,60029.568995851,119993.56852339268
1969,60029.602330879,119993.60185842068
1970,60029.635671837,119993.63519937868
1971,60029.668994337,119993.66852187869
1972,60029.702321545,119993.70184908668
1973,60029.735651832,119993.73517937367
1974,60029.768989283,119993.76851682468
1975,60029.802324153,119993.80185169468
1976,60029.83564652,119993.83517406168
1977,60029.86897414,119993.86850168169
1978,60029.902315175,119993.90184271667
1979,60029.935647961,119993.93517550267
1980,60029.968972787,119993.96850032869
1981,60030.002310325,119994.00183786667
1982,60030.035647293,119994.03517483469
1983,60030.06897617,119994.06850371168
1984,60030.102303589,119994.10183113068
1985,60030.135633032,119994.13516057367
1986,60030.168971575,119994.16849911668
1987,60030.202285809,119994.20181335068
1988,60030.235630186,119994.23515772767
1989,60030.268961837,119994.26848937868
1990,60030.302286339,119994.30181388068
1991,60030.335626924,119994.33515446569
1992,60030.36895366,119994.36848120167
1993,60030.402281285,119994.40180882669
1994,60030.43562298,119994.43515052169
1995,60030.46893973,119994.46846727168
1996,60030.502268507,119994.50179604869
1997,60030.535597509,119994.53512505068
1998,60030.568934659,119994.56846220068
1999,60030.60227362,119994.60180116168
2000,60030.635591063,119994.63511860468
2001,60030.668935564,119994.66846310569
2002,60030.702272147,119994.70179968869
2003,60030.735598601,119994.73512614268
2004,60030.768914974,119994.76844251569
2005,60030.802255256,119994.80178279767
2006,60030.835583088,119994.83511062968
2007,60030.868908118,119994.86843565968
2008,60030.902256241,119994.90178378268
2009,60030.935579773,119994.93510731468
2010,60030.968920186,119994.96844772768
2011,60031.002243142,119995.00177068368
2012,60031.0355738,119995.03510134168
2013,60031.068895837,119995.06842337869
2014,60031.102245788,119995.10177332969
2015,60031.135572408,119995.13509994968
2016,60031.168891315,119995.16841885669
2017,60031.202234604,119995.20176214568
2018,60031.235560885,119995.23508842668
2019,60031.268894091,119995.26842163267
2020,60031.302224248,119995.30175178968
2021,60031.335561621,119995.33508916269
2022,60031.368881163,119995.36840870467
2023,60031.402214865,119995.40174240668
2024,60031.435555943,119995.43508348468
2025,60031.468881563,119995.46840910468
2026,60031.50221593,119995.50174347169
2027,60031.535546218,119995.53507375967
2028,60031.568882002,119995.56840954369
2029,60031.60221233,119995.60173987168
2030,60031.635541615,119995.63506915668
2031,60031.668870609,119995.66839815068
2032,60031.702197795,119995.70172533668
2033,60031.735527547,119995.73505508868
2034,60031.768859157,119995.76838669868
2035,60031.802194616,119995.80172215769
2036,60031.835528644,119995.83505618568
2037,60031.868844188,119995.86837172968
2038,60031.902175215,119995.90170275667
2039,60031.935519255,119995.93504679669
2040,60031.968855575,119995.96838311668
2041,60032.002186076,119996.00171361768
2042,60032.035510355,119996.03503789668
2043,60032.068841897,119996.06836943868
2044,60032.102180729,119996.10170827068
2045,60032.135499842,119996.13502738369
2046,60032.168845216,119996.16837275767
2047,60032.202160704,119996.20168824568
2048,60032.235488537,119996.23501607869
2049,60032.268826066,119996.26835360768
2050,60032.302152483,119996.30168002468
2051,60032.335495606,119996.33502314768
2052,60032.368825485,119996.36835302669
2053,60032.402148936,119996.40167647769
2054,60032.435478723,119996.43500626468
2055,60032.468818758,119996.46834629969